song_id,key,bpm
Tell - I Lost 200€ in a Club,13,117.325
Jimpster - Porchlight and Rocking Chairs - Kink Remix,3,120.014
DJ Koze - I Want To Sleep,3,121.001
"COMA, Robag Wruhme - Lora - Robag's Fandara Qualv NB",5,119.008
"Maribou State, Pedestrian, Axel Boman - The Clown - Axel Boman Remix",1,115.998
DAMH - Black Night,4,120.016
"Martyn, Four Tet - Glassbeadgames - 8 Hours at Fabric Dub",2,123.979
Ross from Friends - Epiphany,6,127.011
Youandewan - 1988 - Original Mix,8,123.007
"The Cyclist, Robag Wruhme - Pressing Matters - Robag's Pinvoldex Sull Nb",22,123.018
Lawrence - Glow,22,120.996
Panthera Krause - Heppy,16,122.998
Andre Lodemann - Where Are You Now?,15,125.998
Jeigo - Pearl Leaf,21,128.979
"Albion, Oliver Lieb - Air - Oliver Lieb Remix",23,137.178
"Pavla, Noura - Don't Owe Me a Thing",24,94.032
Nicolas Jaar - Can't See What Is Burning There,5,107.004
Weval - Something,4,85.0265
DJ Koze - My Grandmotha,15,88.492
